<p class="auto-cursor-target">
  <br/>
</p>
<ac:structured-macro ac:macro-id="51c515cc-ef10-4ee7-9098-fd8c1601f23f" ac:name="section" ac:schema-version="1">
  <ac:parameter ac:name="border">true</ac:parameter>
  <ac:rich-text-body>
    <p class="auto-cursor-target">
      <br/>
    </p>
    <ac:structured-macro ac:macro-id="dbc1ec38-ea70-4d0c-a1a8-ebae0b7a73cd" ac:name="column" ac:schema-version="1">
      <ac:parameter ac:name="width">25%</ac:parameter>
      <ac:rich-text-body>
        <p class="auto-cursor-target">
          <u> <strong>CS CONTENT</strong> </u>
        </p>
        <p class="auto-cursor-target">
          <br/>
        </p>
        <p class="auto-cursor-target">Bite-Sized</p>
        <ac:structured-macro ac:macro-id="1664f311-8318-45e5-a824-5d1a61122dce" ac:name="expand" ac:schema-version="1">
          <ac:parameter ac:name="title">Bite-Sized Video List</ac:parameter>
          <ac:rich-text-body>
            <p class="auto-cursor-target">
              <br/>
            </p>
            <table class="wrapped">
              <colgroup> <col/> <col/> <col/> </colgroup>
              <tbody>
                <tr>
                  <td>Video Topic</td>
                  <td>Category</td>
                  <td>HighSpot Link</td>
                </tr>
                <tr>
                  <td>How to Manage Business Transactions</td>
                  <td>APM</td>
                  <td>
                    <a href="https://view-su2.highspot.com/viewer/62e05a0c1cb4b8659b4e4c84">link</a>
                  </td>
                </tr>
                <tr>
                  <td>How to Business Transactions and Understanding Application Performance</td>
                  <td>APM</td>
                  <td>
                    <a href="https://view-su2.highspot.com/viewer/62e05a3d07251865dfecff6a">link</a>
                  </td>
                </tr>
                <tr>
                  <td>How to View and Output All Other Traffic BT's</td>
                  <td>APM</td>
                  <td>
                    <a href="https://view-su2.highspot.com/viewer/62e2f228f60abf6cc783e670">link</a>
                  </td>
                </tr>
                <tr>
                  <td>How to Add Context With Data Collectors</td>
                  <td>APM</td>
                  <td>
                    <a href="https://view-su2.highspot.com/viewer/62e05a85554584656207504f">link</a>
                  </td>
                </tr>
                <tr>
                  <td>How to Use Dash Studio</td>
                  <td>APM</td>
                  <td>
                    <a href="https://view-su2.highspot.com/viewer/62e05b74919b1d6562cee6c0">link</a>
                  </td>
                </tr>
                <tr>
                  <td>How to Use the Metric Browser</td>
                  <td>APM</td>
                  <td>
                    <a href="https://view-su2.highspot.com/viewer/62e2f2e2c224266e44b35153">link</a>
                  </td>
                </tr>
                <tr>
                  <td>How to Capture Code and Business Metrics with Information Points</td>
                  <td>APM</td>
                  <td>
                    <a href="https://view-su2.highspot.com/viewer/62e2f066e9b0096b5098c68f">link</a>
                  </td>
                </tr>
                <tr>
                  <td>How to Troubleshoot Slow Performance and Errors</td>
                  <td>APM</td>
                  <td>
                    <a href="https://view-su2.highspot.com/viewer/62e05c98fb23db7a0e99596f">link</a>
                  </td>
                </tr>
                <tr>
                  <td>How to Automated Transaction Diagnostics</td>
                  <td>APM</td>
                  <td>
                    <a href="https://view-su2.highspot.com/viewer/62e2f15f3f87aa6a7990c51e">link</a>
                  </td>
                </tr>
                <tr>
                  <td>How To Configure Health Rules</td>
                  <td>APM</td>
                  <td>
                    <a href="https://view-su2.highspot.com/viewer/62e05baa919b1d65a4cea168">link</a>
                  </td>
                </tr>
                <tr>
                  <td>How to Send Alerts with Policies &amp; Actions</td>
                  <td>APM</td>
                  <td>
                    <a href="https://view-su2.highspot.com/viewer/62e05b34fb23db7a529904df">link</a>
                  </td>
                </tr>
                <tr>
                  <td>How to Capture Custom Data with Browser RUM</td>
                  <td>BRUM</td>
                  <td>
                    <a href="https://view-su2.highspot.com/viewer/62e2f1374bc22d6a3d72dfd8">link</a>
                  </td>
                </tr>
                <tr>
                  <td>How To Instrument Browser Real User Monitoring </td>
                  <td>BRUM</td>
                  <td>
                    <a href="https://view-su2.highspot.com/viewer/62e2f116f60abf6dda82c83e">link</a>
                  </td>
                </tr>
                <tr>
                  <td>How to Monitor the Health of a Database Agent</td>
                  <td>DB Mon</td>
                  <td>
                    <a href="https://view-su2.highspot.com/viewer/62e05cc965fcc9684352b202">link</a>
                  </td>
                </tr>
                <tr>
                  <td>How to Instrument an Android Application</td>
                  <td>MRUM</td>
                  <td>
                    <a href="https://view-su2.highspot.com/viewer/62e05b5455458465ec06b612">link</a>
                  </td>
                </tr>
                <tr>
                  <td>How to Deploy the Linux-Based Private Synthetics Agent</td>
                  <td>Synthetics</td>
                  <td>
                    <a href="https://view-su2.highspot.com/viewer/62e05b0407251865dfed0760">link</a>
                  </td>
                </tr>
                <tr>
                  <td>How to Configure Service Endpoints</td>
                  <td>APM</td>
                  <td>
                    <a href="https://view-su2.highspot.com/viewer/62e05acd07251866abec2d9f">link</a>
                  </td>
                </tr>
                <tr>
                  <td>How To Manually Upgrade Java Agent - Linux</td>
                  <td>APM</td>
                  <td>
                    <a href="https://view-su2.highspot.com/viewer/62e05c6855458466300673bb">link</a>
                  </td>
                </tr>
                <tr>
                  <td>How To Manually Upgrade Java Agent - Windows</td>
                  <td>APM</td>
                  <td>
                    <a href="https://view-su2.highspot.com/viewer/62e05c18fb23db7a9698c0bf">link</a>
                  </td>
                </tr>
                <tr>
                  <td>How To Install Java Agent - EKS</td>
                  <td>APM</td>
                  <td>
                    <a href="https://view-su2.highspot.com/viewer/62e05bcafb23db7a9698bf99">link</a>
                  </td>
                </tr>
                <tr>
                  <td>How To Install Maven to Configure AppDynamics Extension</td>
                  <td>EXT</td>
                  <td>
                    <a href="https://view-su2.highspot.com/viewer/62e05beefb23db7a0e9953a3">link</a>
                  </td>
                </tr>
                <tr>
                  <td>How To Build an AppDynamics Extension</td>
                  <td>EXT</td>
                  <td>
                    <a href="https://view-su2.highspot.com/viewer/62e2f0c1d151026c37fbde79">link</a>
                  </td>
                </tr>
                <tr>
                  <td>How To Configure an AppDynamics Extension</td>
                  <td>EXT</td>
                  <td>
                    <a href="https://view-su2.highspot.com/viewer/62e2f0f7e9b0096b94986d14">link</a>
                  </td>
                </tr>
                <tr>
                  <td>How To K8 Cluster Agent Overview</td>
                  <td>K8</td>
                  <td>
                    <a href="https://view-su2.highspot.com/viewer/62e05c44072518659bed75a8">link</a>
                  </td>
                </tr>
              </tbody>
            </table>
            <p class="auto-cursor-target">
              <br/>
            </p>
          </ac:rich-text-body>
        </ac:structured-macro>
        <p class="auto-cursor-target">CS Talks</p>
        <ac:structured-macro ac:macro-id="ec31caf3-2903-417a-96ba-df459eb38194" ac:name="expand" ac:schema-version="1">
          <ac:parameter ac:name="title">Click here to expand list...</ac:parameter>
          <ac:rich-text-body>
            <p class="auto-cursor-target">
              <br/>
            </p>
            <table class="wrapped">
              <colgroup> <col/> <col/> <col/> </colgroup>
              <tbody>
                <tr>
                  <td>Content Type</td>
                  <td>Name</td>
                  <td>Link </td>
                </tr>
                <tr>
                  <td>Accelerator </td>
                  <td>Intro to AppDynamics Accelerator</td>
                  <td>Link </td>
                </tr>
                <tr>
                  <td>Accelerator </td>
                  <td>Proactive Monitoring Accelerator</td>
                  <td>
                    <a href="https://event.on24.com/eventRegistration/EventLobbyServlet?target=reg20.jsp&amp;referrer=&amp;eventid=2720830&amp;sessionid=1&amp;key=4E7D3A187D9C001891CA0D4B027ADE03&amp;regTag=1656646&amp;sourcepage=register">Link </a>
                  </td>
                </tr>
                <tr>
                  <td>Accelerator </td>
                  <td>Anomaly Detection and Automated Root Cause Analysis Accelerator</td>
                  <td>
                    <a href="https://event.on24.com/eventRegistration/EventLobbyServlet?target=reg20.jsp&amp;referrer=&amp;eventid=2720830&amp;sessionid=1&amp;key=4E7D3A187D9C001891CA0D4B027ADE03&amp;regTag=1656646&amp;sourcepage=register">Link </a>
                  </td>
                </tr>
                <tr>
                  <td>Accelerator </td>
                  <td>Troubleshooting Accelerator</td>
                  <td>
                    <a href="https://event.on24.com/eventRegistration/EventLobbyServlet?target=reg20.jsp&amp;referrer=&amp;eventid=2720830&amp;sessionid=1&amp;key=4E7D3A187D9C001891CA0D4B027ADE03&amp;regTag=1656646&amp;sourcepage=register">Link </a>
                  </td>
                </tr>
                <tr>
                  <td>Accelerator </td>
                  <td>Dashboards Accelerator</td>
                  <td>
                    <a href="https://event.on24.com/eventRegistration/EventLobbyServlet?target=reg20.jsp&amp;referrer=&amp;eventid=2720830&amp;sessionid=1&amp;key=4E7D3A187D9C001891CA0D4B027ADE03&amp;regTag=1656646&amp;sourcepage=register">Link </a>
                  </td>
                </tr>
                <tr>
                  <td>Accelerator </td>
                  <td>Business Transactions Accelerator</td>
                  <td>
                    <a href="https://event.on24.com/eventRegistration/EventLobbyServlet?target=reg20.jsp&amp;referrer=&amp;eventid=2720830&amp;sessionid=1&amp;key=4E7D3A187D9C001891CA0D4B027ADE03&amp;regTag=1656646&amp;sourcepage=register">Link </a>
                  </td>
                </tr>
                <tr>
                  <td>Accelerator </td>
                  <td>Browser Real User Monitoring Accelerator</td>
                  <td>
                    <a href="https://event.on24.com/eventRegistration/EventLobbyServlet?target=reg20.jsp&amp;referrer=&amp;eventid=2720830&amp;sessionid=1&amp;key=4E7D3A187D9C001891CA0D4B027ADE03&amp;regTag=1656646&amp;sourcepage=register">Link </a>
                  </td>
                </tr>
                <tr>
                  <td>Accelerator </td>
                  <td>Advanced APM Accelerator</td>
                  <td>
                    <a href="https://event.on24.com/eventRegistration/EventLobbyServlet?target=reg20.jsp&amp;referrer=&amp;eventid=2720830&amp;sessionid=1&amp;key=4E7D3A187D9C001891CA0D4B027ADE03&amp;regTag=1656646&amp;sourcepage=register">Link </a>
                  </td>
                </tr>
                <tr>
                  <td>Accelerator </td>
                  <td>Mobile Real User Monitoring Accelerator</td>
                  <td>
                    <a href="https://event.on24.com/eventRegistration/EventLobbyServlet?target=reg20.jsp&amp;referrer=&amp;eventid=2720830&amp;sessionid=1&amp;key=4E7D3A187D9C001891CA0D4B027ADE03&amp;regTag=1656646&amp;sourcepage=register">Link </a>
                  </td>
                </tr>
                <tr>
                  <td>Accelerator </td>
                  <td>Intro to Business iQ Accelerator</td>
                  <td>
                    <a href="https://event.on24.com/eventRegistration/EventLobbyServlet?target=reg20.jsp&amp;referrer=&amp;eventid=2720830&amp;sessionid=1&amp;key=4E7D3A187D9C001891CA0D4B027ADE03&amp;regTag=1656646&amp;sourcepage=register">Link </a>
                  </td>
                </tr>
                <tr>
                  <td>Accelerator </td>
                  <td>Synthetic Monitoring Accelerator</td>
                  <td>
                    <a href="https://event.on24.com/eventRegistration/EventLobbyServlet?target=reg20.jsp&amp;referrer=&amp;eventid=2720830&amp;sessionid=1&amp;key=4E7D3A187D9C001891CA0D4B027ADE03&amp;regTag=1656646&amp;sourcepage=register">Link </a>
                  </td>
                </tr>
                <tr>
                  <td>Accelerator </td>
                  <td>Container Monitoring Accelerator</td>
                  <td>
                    <a href="https://event.on24.com/eventRegistration/EventLobbyServlet?target=reg20.jsp&amp;referrer=&amp;eventid=2720830&amp;sessionid=1&amp;key=4E7D3A187D9C001891CA0D4B027ADE03&amp;regTag=1656646&amp;sourcepage=register">Link </a>
                  </td>
                </tr>
                <tr>
                  <td>Accelerator </td>
                  <td>Database Monitoring Accelerator</td>
                  <td>
                    <a href="https://event.on24.com/eventRegistration/EventLobbyServlet?target=reg20.jsp&amp;referrer=&amp;eventid=2720830&amp;sessionid=1&amp;key=4E7D3A187D9C001891CA0D4B027ADE03&amp;regTag=1656646&amp;sourcepage=register">Link </a>
                  </td>
                </tr>
                <tr>
                  <td>CS Talks </td>
                  <td>CS Talks - Browser RUM Overview</td>
                  <td>
                    <a href="https://event.on24.com/eventRegistration/EventLobbyServletV2?target=reg20V2.jsp&amp;eventid=3616860&amp;sessionid=1&amp;key=CC0741BF827098190C539BEE20CFD64F&amp;groupId=3509211&amp;sourcepage=register">Link </a>
                  </td>
                </tr>
                <tr>
                  <td>CS Talks </td>
                  <td>CS Talks - Controller Overview</td>
                  <td>
                    <a href="https://event.on24.com/eventRegistration/EventLobbyServletV2?target=reg20V2.jsp&amp;eventid=3616860&amp;sessionid=1&amp;key=CC0741BF827098190C539BEE20CFD64F&amp;groupId=3509211&amp;sourcepage=register">Link </a>
                  </td>
                </tr>
                <tr>
                  <td>CS Talks </td>
                  <td>CS Talks - Dash Studio</td>
                  <td>
                    <a href="https://event.on24.com/eventRegistration/EventLobbyServletV2?target=reg20V2.jsp&amp;eventid=3616860&amp;sessionid=1&amp;key=CC0741BF827098190C539BEE20CFD64F&amp;groupId=3509211&amp;sourcepage=register">Link </a>
                  </td>
                </tr>
                <tr>
                  <td>CS Talks </td>
                  <td>CS Talks - Dashboards</td>
                  <td>
                    <a href="https://event.on24.com/eventRegistration/EventLobbyServletV2?target=reg20V2.jsp&amp;eventid=3616860&amp;sessionid=1&amp;key=CC0741BF827098190C539BEE20CFD64F&amp;groupId=3509211&amp;sourcepage=register">Link </a>
                  </td>
                </tr>
                <tr>
                  <td>CS Talks </td>
                  <td>CS Talks - Database Monitoring Overview</td>
                  <td>
                    <a href="https://event.on24.com/eventRegistration/EventLobbyServletV2?target=reg20V2.jsp&amp;eventid=3616860&amp;sessionid=1&amp;key=CC0741BF827098190C539BEE20CFD64F&amp;groupId=3509211&amp;sourcepage=register">Link </a>
                  </td>
                </tr>
                <tr>
                  <td>CS Talks </td>
                  <td>CS Talks - Experience Journey Maps</td>
                  <td>
                    <a href="https://event.on24.com/eventRegistration/EventLobbyServletV2?target=reg20V2.jsp&amp;eventid=3616860&amp;sessionid=1&amp;key=CC0741BF827098190C539BEE20CFD64F&amp;groupId=3509211&amp;sourcepage=register">Link </a>
                  </td>
                </tr>
                <tr>
                  <td>CS Talks </td>
                  <td>CS Talks - Follow the Red, 3 clicks to resolve</td>
                  <td>
                    <a href="https://event.on24.com/eventRegistration/EventLobbyServletV2?target=reg20V2.jsp&amp;eventid=3616860&amp;sessionid=1&amp;key=CC0741BF827098190C539BEE20CFD64F&amp;groupId=3509211&amp;sourcepage=register">Link </a>
                  </td>
                </tr>
                <tr>
                  <td>CS Talks </td>
                  <td>CS Talks - Health Rule Violations</td>
                  <td>
                    <a href="https://event.on24.com/eventRegistration/EventLobbyServletV2?target=reg20V2.jsp&amp;eventid=3616860&amp;sessionid=1&amp;key=CC0741BF827098190C539BEE20CFD64F&amp;groupId=3509211&amp;sourcepage=register">Link </a>
                  </td>
                </tr>
                <tr>
                  <td>CS Talks </td>
                  <td>CS Talks - Mobile RUM Overview</td>
                  <td>
                    <a href="https://event.on24.com/eventRegistration/EventLobbyServletV2?target=reg20V2.jsp&amp;eventid=3616860&amp;sessionid=1&amp;key=CC0741BF827098190C539BEE20CFD64F&amp;groupId=3509211&amp;sourcepage=register">Link </a>
                  </td>
                </tr>
                <tr>
                  <td>CS Talks </td>
                  <td>CS Talks - Networking Monitoring Overview</td>
                  <td>
                    <a href="https://event.on24.com/eventRegistration/EventLobbyServletV2?target=reg20V2.jsp&amp;eventid=3616860&amp;sessionid=1&amp;key=CC0741BF827098190C539BEE20CFD64F&amp;groupId=3509211&amp;sourcepage=register">Link </a>
                  </td>
                </tr>
                <tr>
                  <td>CS Talks </td>
                  <td>CS Talks - Optimize your BT's</td>
                  <td>
                    <a href="https://event.on24.com/eventRegistration/EventLobbyServletV2?target=reg20V2.jsp&amp;eventid=3616860&amp;sessionid=1&amp;key=CC0741BF827098190C539BEE20CFD64F&amp;groupId=3509211&amp;sourcepage=register">Link </a>
                  </td>
                </tr>
                <tr>
                  <td>CS Talks </td>
                  <td>CS Talks - Slow Response Times &amp; Errors</td>
                  <td>
                    <a href="https://event.on24.com/eventRegistration/EventLobbyServletV2?target=reg20V2.jsp&amp;eventid=3616860&amp;sessionid=1&amp;key=CC0741BF827098190C539BEE20CFD64F&amp;groupId=3509211&amp;sourcepage=register">Link </a>
                  </td>
                </tr>
                <tr>
                  <td>CS Talks </td>
                  <td>CS Talks - ThousandEyes Overview</td>
                  <td>
                    <a href="https://event.on24.com/eventRegistration/EventLobbyServletV2?target=reg20V2.jsp&amp;eventid=3616860&amp;sessionid=1&amp;key=CC0741BF827098190C539BEE20CFD64F&amp;groupId=3509211&amp;sourcepage=register">Link </a>
                  </td>
                </tr>
                <tr>
                  <td>CS Talks </td>
                  <td>CS Talks - Why BT's are critical</td>
                  <td>
                    <a href="https://event.on24.com/eventRegistration/EventLobbyServletV2?target=reg20V2.jsp&amp;eventid=3616860&amp;sessionid=1&amp;key=CC0741BF827098190C539BEE20CFD64F&amp;groupId=3509211&amp;sourcepage=register">Link </a>
                  </td>
                </tr>
                <tr>
                  <td>Bitesize </td>
                  <td>How to Add Context With Data Collectors</td>
                  <td>
                    <a href="https://appdynamics.onemob.com/p/75zy3jwg14tdaxk">link</a>
                  </td>
                </tr>
                <tr>
                  <td>Bitesize </td>
                  <td>How to Business Transactions and Understanding Application Performance</td>
                  <td>
                    <a href="https://appdynamics.onemob.com/p/8wfmkj2hvo481z4m">link</a>
                  </td>
                </tr>
                <tr>
                  <td>Bitesize </td>
                  <td>How to Capture Code and Business Metrics with Information Points</td>
                  <td>
                    <a href="https://appdynamics.onemob.com/p/fyj0orx4k7dcbv2">link</a>
                  </td>
                </tr>
                <tr>
                  <td>Bitesize </td>
                  <td>How to Capture Custom Data with Browser RUM</td>
                  <td>
                    <a href="https://appdynamics.onemob.com/p/75zy3jwg14tdaxk">link</a>
                  </td>
                </tr>
                <tr>
                  <td>Bitesize </td>
                  <td>How To Configure Health Rules</td>
                  <td>
                    <a href="https://appdynamics.onemob.com/p/ez8obghlst7bg03t">link</a>
                  </td>
                </tr>
                <tr>
                  <td>Bitesize </td>
                  <td>How to Configure Service Endpoints</td>
                  <td>
                    <a href="https://appdynamics.onemob.com/p/gor71bej5qzxcpy">link</a>
                  </td>
                </tr>
                <tr>
                  <td>Bitesize </td>
                  <td>How to Deploy the Linux-Based Private Synthetics Agent</td>
                  <td>
                    <a href="https://appdynamics.onemob.com/p/tc9qm40hi3lrevk">link</a>
                  </td>
                </tr>
                <tr>
                  <td>Bitesize </td>
                  <td>How To Install Java Agent - EKS</td>
                  <td>
                    <a href="https://appdynamics.onemob.com/p/rro4nxezsfqwkdxl">link</a>
                  </td>
                </tr>
                <tr>
                  <td>Bitesize </td>
                  <td>How to Instrument an Android Application</td>
                  <td>
                    <a href="https://appdynamics.onemob.com/p/do4850bry2vc9ua">link</a>
                  </td>
                </tr>
                <tr>
                  <td>Bitesize </td>
                  <td>How to Manage Business Transactions</td>
                  <td>
                    <a href="https://appdynamics.onemob.com/p/fk1z8c29tsa4p3y">link</a>
                  </td>
                </tr>
                <tr>
                  <td>Bitesize </td>
                  <td>How To Manually Upgrade Java Agent - Linux</td>
                  <td>
                    <a href="https://appdynamics.onemob.com/p/bafzs9m6eu8c5ho">link</a>
                  </td>
                </tr>
                <tr>
                  <td>Bitesize </td>
                  <td>How To Manually Upgrade Java Agent - Windows</td>
                  <td>
                    <a href="https://appdynamics.onemob.com/p/bafzs9m6eu8c5ho">link</a>
                  </td>
                </tr>
                <tr>
                  <td>Bitesize </td>
                  <td>How to Monitor the Health of a Database Agent</td>
                  <td>
                    <a href="https://appdynamics.onemob.com/p/xrbm0s5cenkow2v">link</a>
                  </td>
                </tr>
                <tr>
                  <td>Bitesize </td>
                  <td>How to Send Alerts with Policies &amp; Actions</td>
                  <td>
                    <a href="https://appdynamics.onemob.com/p/k40aoshbmnwzrf1">link</a>
                  </td>
                </tr>
                <tr>
                  <td>Bitesize </td>
                  <td>How to Troubleshoot Slow Performance and Errors</td>
                  <td>
                    <a href="https://appdynamics.onemob.com/p/exai3mf0gbuj1lw">link</a>
                  </td>
                </tr>
                <tr>
                  <td>Bitesize </td>
                  <td>How to Use Dash Studio</td>
                  <td>
                    <a href="https://appdynamics.onemob.com/p/6vj4rlb2gzy8fcw">link</a>
                  </td>
                </tr>
                <tr>
                  <td>Bitesize </td>
                  <td>How to Use the Metric Browser</td>
                  <td>
                    <a href="https://appdynamics.onemob.com/p/7ok0j28xq5fld6s">link</a>
                  </td>
                </tr>
              </tbody>
            </table>
            <p class="auto-cursor-target">
              <br/>
            </p>
          </ac:rich-text-body>
        </ac:structured-macro>
        <p class="auto-cursor-target">Accelerators</p>
        <ac:structured-macro ac:macro-id="9f70413c-4eb3-4b1a-b979-b1f6e7d83ff8" ac:name="expand" ac:schema-version="1">
          <ac:parameter ac:name="title">Click here to expand list...</ac:parameter>
          <ac:rich-text-body>
            <p class="auto-cursor-target">
              <br/>
            </p>
            <table class="wrapped">
              <colgroup> <col/> <col/> <col/> </colgroup>
              <tbody>
                <tr>
                  <td>Content Type</td>
                  <td>Name</td>
                  <td>Link </td>
                </tr>
                <tr>
                  <td>Accelerator </td>
                  <td>Intro to AppDynamics Accelerator</td>
                  <td>Link </td>
                </tr>
                <tr>
                  <td>Accelerator </td>
                  <td>Proactive Monitoring Accelerator</td>
                  <td>
                    <a href="https://event.on24.com/eventRegistration/EventLobbyServlet?target=reg20.jsp&amp;referrer=&amp;eventid=2720830&amp;sessionid=1&amp;key=4E7D3A187D9C001891CA0D4B027ADE03&amp;regTag=1656646&amp;sourcepage=register">Link </a>
                  </td>
                </tr>
                <tr>
                  <td>Accelerator </td>
                  <td>Anomaly Detection and Automated Root Cause Analysis Accelerator</td>
                  <td>
                    <a href="https://event.on24.com/eventRegistration/EventLobbyServlet?target=reg20.jsp&amp;referrer=&amp;eventid=2720830&amp;sessionid=1&amp;key=4E7D3A187D9C001891CA0D4B027ADE03&amp;regTag=1656646&amp;sourcepage=register">Link </a>
                  </td>
                </tr>
                <tr>
                  <td>Accelerator </td>
                  <td>Troubleshooting Accelerator</td>
                  <td>
                    <a href="https://event.on24.com/eventRegistration/EventLobbyServlet?target=reg20.jsp&amp;referrer=&amp;eventid=2720830&amp;sessionid=1&amp;key=4E7D3A187D9C001891CA0D4B027ADE03&amp;regTag=1656646&amp;sourcepage=register">Link </a>
                  </td>
                </tr>
                <tr>
                  <td>Accelerator </td>
                  <td>Dashboards Accelerator</td>
                  <td>
                    <a href="https://event.on24.com/eventRegistration/EventLobbyServlet?target=reg20.jsp&amp;referrer=&amp;eventid=2720830&amp;sessionid=1&amp;key=4E7D3A187D9C001891CA0D4B027ADE03&amp;regTag=1656646&amp;sourcepage=register">Link </a>
                  </td>
                </tr>
                <tr>
                  <td>Accelerator </td>
                  <td>Business Transactions Accelerator</td>
                  <td>
                    <a href="https://event.on24.com/eventRegistration/EventLobbyServlet?target=reg20.jsp&amp;referrer=&amp;eventid=2720830&amp;sessionid=1&amp;key=4E7D3A187D9C001891CA0D4B027ADE03&amp;regTag=1656646&amp;sourcepage=register">Link </a>
                  </td>
                </tr>
                <tr>
                  <td>Accelerator </td>
                  <td>Browser Real User Monitoring Accelerator</td>
                  <td>
                    <a href="https://event.on24.com/eventRegistration/EventLobbyServlet?target=reg20.jsp&amp;referrer=&amp;eventid=2720830&amp;sessionid=1&amp;key=4E7D3A187D9C001891CA0D4B027ADE03&amp;regTag=1656646&amp;sourcepage=register">Link </a>
                  </td>
                </tr>
                <tr>
                  <td>Accelerator </td>
                  <td>Advanced APM Accelerator</td>
                  <td>
                    <a href="https://event.on24.com/eventRegistration/EventLobbyServlet?target=reg20.jsp&amp;referrer=&amp;eventid=2720830&amp;sessionid=1&amp;key=4E7D3A187D9C001891CA0D4B027ADE03&amp;regTag=1656646&amp;sourcepage=register">Link </a>
                  </td>
                </tr>
                <tr>
                  <td>Accelerator </td>
                  <td>Mobile Real User Monitoring Accelerator</td>
                  <td>
                    <a href="https://event.on24.com/eventRegistration/EventLobbyServlet?target=reg20.jsp&amp;referrer=&amp;eventid=2720830&amp;sessionid=1&amp;key=4E7D3A187D9C001891CA0D4B027ADE03&amp;regTag=1656646&amp;sourcepage=register">Link </a>
                  </td>
                </tr>
                <tr>
                  <td>Accelerator </td>
                  <td>Intro to Business iQ Accelerator</td>
                  <td>
                    <a href="https://event.on24.com/eventRegistration/EventLobbyServlet?target=reg20.jsp&amp;referrer=&amp;eventid=2720830&amp;sessionid=1&amp;key=4E7D3A187D9C001891CA0D4B027ADE03&amp;regTag=1656646&amp;sourcepage=register">Link </a>
                  </td>
                </tr>
                <tr>
                  <td>Accelerator </td>
                  <td>Synthetic Monitoring Accelerator</td>
                  <td>
                    <a href="https://event.on24.com/eventRegistration/EventLobbyServlet?target=reg20.jsp&amp;referrer=&amp;eventid=2720830&amp;sessionid=1&amp;key=4E7D3A187D9C001891CA0D4B027ADE03&amp;regTag=1656646&amp;sourcepage=register">Link </a>
                  </td>
                </tr>
                <tr>
                  <td>Accelerator </td>
                  <td>Container Monitoring Accelerator</td>
                  <td>
                    <a href="https://event.on24.com/eventRegistration/EventLobbyServlet?target=reg20.jsp&amp;referrer=&amp;eventid=2720830&amp;sessionid=1&amp;key=4E7D3A187D9C001891CA0D4B027ADE03&amp;regTag=1656646&amp;sourcepage=register">Link </a>
                  </td>
                </tr>
                <tr>
                  <td>Accelerator </td>
                  <td>Database Monitoring Accelerator</td>
                  <td>
                    <a href="https://event.on24.com/eventRegistration/EventLobbyServlet?target=reg20.jsp&amp;referrer=&amp;eventid=2720830&amp;sessionid=1&amp;key=4E7D3A187D9C001891CA0D4B027ADE03&amp;regTag=1656646&amp;sourcepage=register">Link </a>
                  </td>
                </tr>
                <tr>
                  <td>CS Talks </td>
                  <td>CS Talks - Browser RUM Overview</td>
                  <td>
                    <a href="https://event.on24.com/eventRegistration/EventLobbyServletV2?target=reg20V2.jsp&amp;eventid=3616860&amp;sessionid=1&amp;key=CC0741BF827098190C539BEE20CFD64F&amp;groupId=3509211&amp;sourcepage=register">Link </a>
                  </td>
                </tr>
                <tr>
                  <td>CS Talks </td>
                  <td>CS Talks - Controller Overview</td>
                  <td>
                    <a href="https://event.on24.com/eventRegistration/EventLobbyServletV2?target=reg20V2.jsp&amp;eventid=3616860&amp;sessionid=1&amp;key=CC0741BF827098190C539BEE20CFD64F&amp;groupId=3509211&amp;sourcepage=register">Link </a>
                  </td>
                </tr>
                <tr>
                  <td>CS Talks </td>
                  <td>CS Talks - Dash Studio</td>
                  <td>
                    <a href="https://event.on24.com/eventRegistration/EventLobbyServletV2?target=reg20V2.jsp&amp;eventid=3616860&amp;sessionid=1&amp;key=CC0741BF827098190C539BEE20CFD64F&amp;groupId=3509211&amp;sourcepage=register">Link </a>
                  </td>
                </tr>
                <tr>
                  <td>CS Talks </td>
                  <td>CS Talks - Dashboards</td>
                  <td>
                    <a href="https://event.on24.com/eventRegistration/EventLobbyServletV2?target=reg20V2.jsp&amp;eventid=3616860&amp;sessionid=1&amp;key=CC0741BF827098190C539BEE20CFD64F&amp;groupId=3509211&amp;sourcepage=register">Link </a>
                  </td>
                </tr>
                <tr>
                  <td>CS Talks </td>
                  <td>CS Talks - Database Monitoring Overview</td>
                  <td>
                    <a href="https://event.on24.com/eventRegistration/EventLobbyServletV2?target=reg20V2.jsp&amp;eventid=3616860&amp;sessionid=1&amp;key=CC0741BF827098190C539BEE20CFD64F&amp;groupId=3509211&amp;sourcepage=register">Link </a>
                  </td>
                </tr>
                <tr>
                  <td>CS Talks </td>
                  <td>CS Talks - Experience Journey Maps</td>
                  <td>
                    <a href="https://event.on24.com/eventRegistration/EventLobbyServletV2?target=reg20V2.jsp&amp;eventid=3616860&amp;sessionid=1&amp;key=CC0741BF827098190C539BEE20CFD64F&amp;groupId=3509211&amp;sourcepage=register">Link </a>
                  </td>
                </tr>
                <tr>
                  <td>CS Talks </td>
                  <td>CS Talks - Follow the Red, 3 clicks to resolve</td>
                  <td>
                    <a href="https://event.on24.com/eventRegistration/EventLobbyServletV2?target=reg20V2.jsp&amp;eventid=3616860&amp;sessionid=1&amp;key=CC0741BF827098190C539BEE20CFD64F&amp;groupId=3509211&amp;sourcepage=register">Link </a>
                  </td>
                </tr>
                <tr>
                  <td>CS Talks </td>
                  <td>CS Talks - Health Rule Violations</td>
                  <td>
                    <a href="https://event.on24.com/eventRegistration/EventLobbyServletV2?target=reg20V2.jsp&amp;eventid=3616860&amp;sessionid=1&amp;key=CC0741BF827098190C539BEE20CFD64F&amp;groupId=3509211&amp;sourcepage=register">Link </a>
                  </td>
                </tr>
                <tr>
                  <td>CS Talks </td>
                  <td>CS Talks - Mobile RUM Overview</td>
                  <td>
                    <a href="https://event.on24.com/eventRegistration/EventLobbyServletV2?target=reg20V2.jsp&amp;eventid=3616860&amp;sessionid=1&amp;key=CC0741BF827098190C539BEE20CFD64F&amp;groupId=3509211&amp;sourcepage=register">Link </a>
                  </td>
                </tr>
                <tr>
                  <td>CS Talks </td>
                  <td>CS Talks - Networking Monitoring Overview</td>
                  <td>
                    <a href="https://event.on24.com/eventRegistration/EventLobbyServletV2?target=reg20V2.jsp&amp;eventid=3616860&amp;sessionid=1&amp;key=CC0741BF827098190C539BEE20CFD64F&amp;groupId=3509211&amp;sourcepage=register">Link </a>
                  </td>
                </tr>
                <tr>
                  <td>CS Talks </td>
                  <td>CS Talks - Optimize your BT's</td>
                  <td>
                    <a href="https://event.on24.com/eventRegistration/EventLobbyServletV2?target=reg20V2.jsp&amp;eventid=3616860&amp;sessionid=1&amp;key=CC0741BF827098190C539BEE20CFD64F&amp;groupId=3509211&amp;sourcepage=register">Link </a>
                  </td>
                </tr>
                <tr>
                  <td>CS Talks </td>
                  <td>CS Talks - Slow Response Times &amp; Errors</td>
                  <td>
                    <a href="https://event.on24.com/eventRegistration/EventLobbyServletV2?target=reg20V2.jsp&amp;eventid=3616860&amp;sessionid=1&amp;key=CC0741BF827098190C539BEE20CFD64F&amp;groupId=3509211&amp;sourcepage=register">Link </a>
                  </td>
                </tr>
                <tr>
                  <td>CS Talks </td>
                  <td>CS Talks - ThousandEyes Overview</td>
                  <td>
                    <a href="https://event.on24.com/eventRegistration/EventLobbyServletV2?target=reg20V2.jsp&amp;eventid=3616860&amp;sessionid=1&amp;key=CC0741BF827098190C539BEE20CFD64F&amp;groupId=3509211&amp;sourcepage=register">Link </a>
                  </td>
                </tr>
                <tr>
                  <td>CS Talks </td>
                  <td>CS Talks - Why BT's are critical</td>
                  <td>
                    <a href="https://event.on24.com/eventRegistration/EventLobbyServletV2?target=reg20V2.jsp&amp;eventid=3616860&amp;sessionid=1&amp;key=CC0741BF827098190C539BEE20CFD64F&amp;groupId=3509211&amp;sourcepage=register">Link </a>
                  </td>
                </tr>
                <tr>
                  <td>Bitesize </td>
                  <td>How to Add Context With Data Collectors</td>
                  <td>
                    <a href="https://appdynamics.onemob.com/p/75zy3jwg14tdaxk">link</a>
                  </td>
                </tr>
                <tr>
                  <td>Bitesize </td>
                  <td>How to Business Transactions and Understanding Application Performance</td>
                  <td>
                    <a href="https://appdynamics.onemob.com/p/8wfmkj2hvo481z4m">link</a>
                  </td>
                </tr>
                <tr>
                  <td>Bitesize </td>
                  <td>How to Capture Code and Business Metrics with Information Points</td>
                  <td>
                    <a href="https://appdynamics.onemob.com/p/fyj0orx4k7dcbv2">link</a>
                  </td>
                </tr>
                <tr>
                  <td>Bitesize </td>
                  <td>How to Capture Custom Data with Browser RUM</td>
                  <td>
                    <a href="https://appdynamics.onemob.com/p/75zy3jwg14tdaxk">link</a>
                  </td>
                </tr>
                <tr>
                  <td>Bitesize </td>
                  <td>How To Configure Health Rules</td>
                  <td>
                    <a href="https://appdynamics.onemob.com/p/ez8obghlst7bg03t">link</a>
                  </td>
                </tr>
                <tr>
                  <td>Bitesize </td>
                  <td>How to Configure Service Endpoints</td>
                  <td>
                    <a href="https://appdynamics.onemob.com/p/gor71bej5qzxcpy">link</a>
                  </td>
                </tr>
                <tr>
                  <td>Bitesize </td>
                  <td>How to Deploy the Linux-Based Private Synthetics Agent</td>
                  <td>
                    <a href="https://appdynamics.onemob.com/p/tc9qm40hi3lrevk">link</a>
                  </td>
                </tr>
                <tr>
                  <td>Bitesize </td>
                  <td>How To Install Java Agent - EKS</td>
                  <td>
                    <a href="https://appdynamics.onemob.com/p/rro4nxezsfqwkdxl">link</a>
                  </td>
                </tr>
                <tr>
                  <td>Bitesize </td>
                  <td>How to Instrument an Android Application</td>
                  <td>
                    <a href="https://appdynamics.onemob.com/p/do4850bry2vc9ua">link</a>
                  </td>
                </tr>
                <tr>
                  <td>Bitesize </td>
                  <td>How to Manage Business Transactions</td>
                  <td>
                    <a href="https://appdynamics.onemob.com/p/fk1z8c29tsa4p3y">link</a>
                  </td>
                </tr>
                <tr>
                  <td>Bitesize </td>
                  <td>How To Manually Upgrade Java Agent - Linux</td>
                  <td>
                    <a href="https://appdynamics.onemob.com/p/bafzs9m6eu8c5ho">link</a>
                  </td>
                </tr>
                <tr>
                  <td>Bitesize </td>
                  <td>How To Manually Upgrade Java Agent - Windows</td>
                  <td>
                    <a href="https://appdynamics.onemob.com/p/bafzs9m6eu8c5ho">link</a>
                  </td>
                </tr>
                <tr>
                  <td>Bitesize </td>
                  <td>How to Monitor the Health of a Database Agent</td>
                  <td>
                    <a href="https://appdynamics.onemob.com/p/xrbm0s5cenkow2v">link</a>
                  </td>
                </tr>
                <tr>
                  <td>Bitesize </td>
                  <td>How to Send Alerts with Policies &amp; Actions</td>
                  <td>
                    <a href="https://appdynamics.onemob.com/p/k40aoshbmnwzrf1">link</a>
                  </td>
                </tr>
                <tr>
                  <td>Bitesize </td>
                  <td>How to Troubleshoot Slow Performance and Errors</td>
                  <td>
                    <a href="https://appdynamics.onemob.com/p/exai3mf0gbuj1lw">link</a>
                  </td>
                </tr>
                <tr>
                  <td>Bitesize </td>
                  <td>How to Use Dash Studio</td>
                  <td>
                    <a href="https://appdynamics.onemob.com/p/6vj4rlb2gzy8fcw">link</a>
                  </td>
                </tr>
                <tr>
                  <td>Bitesize </td>
                  <td>How to Use the Metric Browser</td>
                  <td>
                    <a href="https://appdynamics.onemob.com/p/7ok0j28xq5fld6s">link</a>
                  </td>
                </tr>
              </tbody>
            </table>
            <p class="auto-cursor-target">
              <br/>
            </p>
          </ac:rich-text-body>
        </ac:structured-macro>
        <p class="auto-cursor-target">
          <br/>
        </p>
        <table class="wrapped">
          <colgroup> <col/> <col/> <col/> </colgroup>
        </table>
        <p class="auto-cursor-target">
          <br/>
        </p>
      </ac:rich-text-body>
    </ac:structured-macro>
    <p class="auto-cursor-target">
      <br/>
    </p>
    <ac:structured-macro ac:macro-id="e9532f3f-4100-4d2d-a0c2-acf87b2759de" ac:name="column" ac:schema-version="1">
      <ac:parameter ac:name="width">25%</ac:parameter>
      <ac:rich-text-body>
        <p>
          <u> <strong>EDU / APPD UNI CONTENT</strong> </u>
        </p>
        <p>
          <em>Log into AppD University to Access: <a href="https://education.appdynamics.com/learn/signin">https://education.appdynamics.com/learn/signin</a> </em>
        </p>
        <p>Standard Courses</p>
        <ac:structured-macro ac:macro-id="53edc116-eeb6-4849-ab12-a2581554ab5a" ac:name="expand" ac:schema-version="1">
          <ac:parameter ac:name="title">Click here to expand list...</ac:parameter>
          <ac:rich-text-body>
            <p class="auto-cursor-target">
              <br/>
            </p>
            <table class="wrapped">
              <colgroup> <col/> </colgroup>
              <tbody>
                <tr>
                  <td>Application Monitoring</td>
                </tr>
                <tr>
                  <td>Trigger Actions Using Policies</td>
                </tr>
                <tr>
                  <td>Custom Dashboards and Dashboard Templates</td>
                </tr>
                <tr>
                  <td>Too Many/Slow Database Calls</td>
                </tr>
                <tr>
                  <td>Troubleshooting Over-synchronization Issues</td>
                </tr>
                <tr>
                  <td>Troubleshooting Resource Misuse Issues</td>
                </tr>
                <tr>
                  <td>Diagnose Memory Leaks with Automatic Leak Detection (ALD)</td>
                </tr>
                <tr>
                  <td>Create a Business Transaction with Live Preview</td>
                </tr>
                <tr>
                  <td>Data Collectors</td>
                </tr>
                <tr>
                  <td>Create and Use Information Points</td>
                </tr>
                <tr>
                  <td>Monitor and Customize JMX Metrics</td>
                </tr>
                <tr>
                  <td>Manage Business Transactions</td>
                </tr>
                <tr>
                  <td>Detect a Custom Backend</td>
                </tr>
                <tr>
                  <td>Scopes</td>
                </tr>
                <tr>
                  <td>Create and Use Service Endpoints</td>
                </tr>
                <tr>
                  <td>Explore and Create Health Rules</td>
                </tr>
                <tr>
                  <td>View and Explore Events</td>
                </tr>
                <tr>
                  <td>Apply and Configure Baselines</td>
                </tr>
                <tr>
                  <td>Three Ways to Begin Diagnostic Sessions</td>
                </tr>
                <tr>
                  <td>Use Development Level Monitoring</td>
                </tr>
                <tr>
                  <td>Work with Node Level Dashboards</td>
                </tr>
                <tr>
                  <td>Handle and Configure Errors</td>
                </tr>
                <tr>
                  <td>Manage Business Transactions</td>
                </tr>
                <tr>
                  <td>Use Transaction Snapshots to Troubleshoot Application Issues</td>
                </tr>
                <tr>
                  <td>Analyze Metrics in the Metric Browser</td>
                </tr>
                <tr>
                  <td>APM Success - Establishing an APM Strategy</td>
                </tr>
                <tr>
                  <td>APM Success - Defining Relevant Key Performance Indicators</td>
                </tr>
                <tr>
                  <td>APM Success - Identifying Proper Business Transactions</td>
                </tr>
                <tr>
                  <td>APM Success - Optimizing Application Flow Maps</td>
                </tr>
                <tr>
                  <td>APM Success - Establishing Proactive Health Rules</td>
                </tr>
                <tr>
                  <td>APM Success - Using Lower Environments as Troubleshooting Tools</td>
                </tr>
                <tr>
                  <td>APM Success - Correlating Data with Performance Goals</td>
                </tr>
                <tr>
                  <td>APM Success - Applying a Continuous Delivery Philosophy</td>
                </tr>
                <tr>
                  <td>APM Success - Runbook</td>
                </tr>
                <tr>
                  <td>Discover How AppDynamics and APM Can Help You</td>
                </tr>
                <tr>
                  <td>Explore How AppDynamics Monitoring Works</td>
                </tr>
                <tr>
                  <td>Planning for App Agent Installation</td>
                </tr>
                <tr>
                  <td>Overview of App Agent Configuration</td>
                </tr>
                <tr>
                  <td>Troubleshooting Agent Installation with Log Files</td>
                </tr>
                <tr>
                  <td>Managing App Agents</td>
                </tr>
                <tr>
                  <td>Editing Node Level Properties</td>
                </tr>
                <tr>
                  <td>Locating Transaction Snapshots</td>
                </tr>
                <tr>
                  <td>Tour the Application Dashboard</td>
                </tr>
                <tr>
                  <td>APM Essentials</td>
                </tr>
                <tr>
                  <td>Troubleshooting Tools</td>
                </tr>
                <tr>
                  <td>Transaction and Data Configuration</td>
                </tr>
                <tr>
                  <td>Monitoring Your Application</td>
                </tr>
                <tr>
                  <td>Troubleshooting Scenarios</td>
                </tr>
                <tr>
                  <td>Troubleshooting Using Transaction Snapshots</td>
                </tr>
                <tr>
                  <td>Create and Manage a Virtual War Room</td>
                </tr>
                <tr>
                  <td>Run and Schedule Reports</td>
                </tr>
                <tr>
                  <td>Data Collectors - Types and Uses for APM</td>
                </tr>
                <tr>
                  <td>Use the Time Series Chart Widget in Dash Studio to Visualize Data Over Time</td>
                </tr>
                <tr>
                  <td>Use the Label Widget in Dash Studio to Add Text to Your Dashboard</td>
                </tr>
                <tr>
                  <td>Edit Widget Properties in Dash Studio</td>
                </tr>
                <tr>
                  <td>Introduction to Dash Studio</td>
                </tr>
                <tr>
                  <td>Navigate the Dash Studio Tools and Panels</td>
                </tr>
                <tr>
                  <td>Configuring a Method Invocation Data Collector</td>
                </tr>
                <tr>
                  <td>Troubleshoot Slow Transactions</td>
                </tr>
                <tr>
                  <td>Troubleshoot Error Transactions</td>
                </tr>
                <tr>
                  <td>Edit Widget Data in Dash Studio</td>
                </tr>
                <tr>
                  <td>Customize a Flow Map</td>
                </tr>
                <tr>
                  <td>Overview of Agents: Application Agents and Flow Maps</td>
                </tr>
                <tr>
                  <td>Extending AppDynamics - Getting Started with REST</td>
                </tr>
                <tr>
                  <td>Configure Business Transaction Thresholds</td>
                </tr>
                <tr>
                  <td>Diagnose Memory Leaks with Object Instance Tracking (OIT)</td>
                </tr>
                <tr>
                  <td>Business IQ &amp; Analytics</td>
                </tr>
                <tr>
                  <td>ADQL Essentials</td>
                </tr>
                <tr>
                  <td>ADQL Solutions</td>
                </tr>
                <tr>
                  <td>Using ADQL Search Results</td>
                </tr>
                <tr>
                  <td>ADQL Metrics</td>
                </tr>
                <tr>
                  <td>ADQL Visualizations</td>
                </tr>
                <tr>
                  <td>ADQL Advanced Solutions and Techniques</td>
                </tr>
                <tr>
                  <td>Analytics Data Collection Essentials</td>
                </tr>
                <tr>
                  <td>Transaction Analytics Data Collection</td>
                </tr>
                <tr>
                  <td>Log Analytics Data Collection</td>
                </tr>
                <tr>
                  <td>Business Transaction and Log Correlation</td>
                </tr>
                <tr>
                  <td>EUM and Analytics Event API Data Collection</td>
                </tr>
                <tr>
                  <td>What Is Business iQ?</td>
                </tr>
                <tr>
                  <td>BiQ - Collect Transaction Analytics Data</td>
                </tr>
                <tr>
                  <td>BiQ - Search and Visualize Analytics Data</td>
                </tr>
                <tr>
                  <td>BiQ - Log Analytics</td>
                </tr>
                <tr>
                  <td>BiQ Metrics &amp; Alerts and Experience Level Management (XLM)</td>
                </tr>
                <tr>
                  <td>BiQ - Analytics and Data Security</td>
                </tr>
                <tr>
                  <td>Creating Business Journeys</td>
                </tr>
                <tr>
                  <td>Using Business Journeys and Funnel Widgets</td>
                </tr>
                <tr>
                  <td>Introduction to Business Journeys</td>
                </tr>
                <tr>
                  <td>Explore Business Journey Definitions</td>
                </tr>
                <tr>
                  <td>Explore Business Journey Events</td>
                </tr>
                <tr>
                  <td>Explore Business Journey Metrics</td>
                </tr>
                <tr>
                  <td>Analytics Data Essentials</td>
                </tr>
                <tr>
                  <td>Configure Custom Data Collection for Analytics</td>
                </tr>
                <tr>
                  <td>Explore Analytics Data Features</td>
                </tr>
                <tr>
                  <td>Create, View, and Delete Custom Metrics</td>
                </tr>
                <tr>
                  <td>End User Monitoring</td>
                </tr>
                <tr>
                  <td>Introduction to End User Monitoring</td>
                </tr>
                <tr>
                  <td>BRUM - Browser Real User Monitoring Overview</td>
                </tr>
                <tr>
                  <td>BRUM - What We Monitor</td>
                </tr>
                <tr>
                  <td>BRUM - Configuration</td>
                </tr>
                <tr>
                  <td>BRUM - Basic Usage and Troubleshooting</td>
                </tr>
                <tr>
                  <td>BRUM - Custom Data and License</td>
                </tr>
                <tr>
                  <td>MRUM - Mobile Real-User Monitoring Overview</td>
                </tr>
                <tr>
                  <td>MRUM - Mobile RUM Performance Overview</td>
                </tr>
                <tr>
                  <td>MRUM - Mobile Network Requests</td>
                </tr>
                <tr>
                  <td>MRUM - Mobile Sessions</td>
                </tr>
                <tr>
                  <td>MRUM - Mobile Crashes and Code Issues</td>
                </tr>
                <tr>
                  <td>MRUM - Mobile Application Custom Data and Alerts</td>
                </tr>
                <tr>
                  <td>IoT Application Monitoring</td>
                </tr>
                <tr>
                  <td>Synthetic Monitoring Overview</td>
                </tr>
                <tr>
                  <td>Synthetic Monitoring - Create a Synthetic Script</td>
                </tr>
                <tr>
                  <td>Synthetic Monitoring - Create and Run a Scheduled Job</td>
                </tr>
                <tr>
                  <td>Synthetic Monitoring - Troubleshoot Website Login Errors</td>
                </tr>
                <tr>
                  <td>Synthetic Monitoring - Create Alerts and Troubleshoot Website Performance</td>
                </tr>
                <tr>
                  <td>Infrastructure Visibility</td>
                </tr>
                <tr>
                  <td>Applications and Network Problem Diagnosis</td>
                </tr>
                <tr>
                  <td>The AppDynamics Network Visibility Solution</td>
                </tr>
                <tr>
                  <td>Network Visibility Metrics</td>
                </tr>
                <tr>
                  <td>Diagnosing Network Problems</td>
                </tr>
                <tr>
                  <td>Network Visibility Installation and Configuration</td>
                </tr>
                <tr>
                  <td>The Power of Database Visibility</td>
                </tr>
                <tr>
                  <td>The Power of ThousandEyes and AppDynamics</td>
                </tr>
              </tbody>
            </table>
            <p class="auto-cursor-target">
              <br/>
            </p>
          </ac:rich-text-body>
        </ac:structured-macro>
        <p class="auto-cursor-target">
          <br/>
        </p>
        <p class="auto-cursor-target">Premium Courses</p>
        <ac:structured-macro ac:macro-id="26fe290b-099c-4473-90ae-99ac65530476" ac:name="expand" ac:schema-version="1">
          <ac:parameter ac:name="title">Click here to expand list...</ac:parameter>
          <ac:rich-text-body>
            <p class="auto-cursor-target">
              <br/>
            </p>
            <table class="wrapped">
              <colgroup> <col/> </colgroup>
              <tbody>
                <tr>
                  <td style="text-align: center;">
                    <strong>Courses</strong>
                  </td>
                </tr>
                <tr>
                  <td>
                    <strong>Enterprise Self-paced Library (26 Total)</strong>
                  </td>
                </tr>
                <tr>
                  <td>Advanced Business Transaction Detection - Manually Detect Your Business Transactions</td>
                </tr>
                <tr>
                  <td>Naming MVC and WebAPI Transactions for .NET</td>
                </tr>
                <tr>
                  <td>Viewing Mobile Screenshots</td>
                </tr>
                <tr>
                  <td>Customizing Error Detection</td>
                </tr>
                <tr>
                  <td>Configuring an HTTP Data Collector</td>
                </tr>
                <tr>
                  <td>Using Variables in Dash Studio</td>
                </tr>
                <tr>
                  <td>Compare Time Ranges in Dash Studio</td>
                </tr>
                <tr>
                  <td>View Experience Level Management (XLM) Reports</td>
                </tr>
                <tr>
                  <td>Configure Experience Level Management (XLM) Reports</td>
                </tr>
                <tr>
                  <td>Installing the iOS App Agent for Mobile RUM Using Cocoapods</td>
                </tr>
                <tr>
                  <td>Installing the Android Agent for Mobile RUM Using the Android Studio Plugin</td>
                </tr>
                <tr>
                  <td>Monitoring BGP Routing with ThousandEyes</td>
                </tr>
                <tr>
                  <td>Installing the Xamarin Agent for Mobile RUM</td>
                </tr>
                <tr>
                  <td>Extending AppDynamics - Create a New API Client and Generate Token</td>
                </tr>
                <tr>
                  <td>Enable ThousandEyes Token in AppDynamics</td>
                </tr>
                <tr>
                  <td>Create a ThousandEyes Widget in Dash Studio</td>
                </tr>
                <tr>
                  <td>Create and View Business Transactions in SAP</td>
                </tr>
                <tr>
                  <td>Use Snapshots to Troubleshoot Slow SAP Transactions</td>
                </tr>
                <tr>
                  <td>View Default Data Collectors for SAP</td>
                </tr>
                <tr>
                  <td>Use BiQ Insights to Evaluate the Health of an SAP System</td>
                </tr>
                <tr>
                  <td>Use Snapshots to Troubleshoot SAP Transactions with Errors</td>
                </tr>
                <tr>
                  <td>Use Data Collectors to View SAP Transaction Detail</td>
                </tr>
                <tr>
                  <td>Link Two Dashboards Using Single-Click Actions in Dash Studio</td>
                </tr>
                <tr>
                  <td>EUM BT Correlation and Consent Managment</td>
                </tr>
                <tr>
                  <td>Assign Permission to a User using Roles and Groups</td>
                </tr>
                <tr>
                  <td>Manage Users with an External IDP</td>
                </tr>
                <tr>
                  <td>
                    <strong>Application Monitoring - Instructor Lead</strong>
                  </td>
                </tr>
                <tr>
                  <td>APM221 - Strategy &amp; Business Transaction Discovery</td>
                </tr>
                <tr>
                  <td>APM212 - Troubleshooting Basics</td>
                </tr>
                <tr>
                  <td>APM410 - On Premises Administration I</td>
                </tr>
                <tr>
                  <td>APM223 - Proactive Monitoring and Dashboards</td>
                </tr>
                <tr>
                  <td>APM224 - Advanced Troubleshooting and Monitoring</td>
                </tr>
                <tr>
                  <td>APM222 - Managing Business Transactions</td>
                </tr>
                <tr>
                  <td>APM211 - Introduction to AppDynamics</td>
                </tr>
                <tr>
                  <td>APM403 - Essential Administrator Functions II</td>
                </tr>
                <tr>
                  <td>APM402 - Essential Administrator Functions I</td>
                </tr>
                <tr>
                  <td>APM411 - On Premises Administration II</td>
                </tr>
                <tr>
                  <td>APM214 - Monitoring the Health of your Application</td>
                </tr>
                <tr>
                  <td>APM213 - Advanced Troubleshooting and Tools</td>
                </tr>
                <tr>
                  <td>APM211 - Introduction to AppDynamics</td>
                </tr>
                <tr>
                  <td>APM213 - Advanced Troubleshooting and Tools</td>
                </tr>
                <tr>
                  <td>APM214 - Monitoring the Health of your Application</td>
                </tr>
                <tr>
                  <td>APM411 - On Premises Administration II</td>
                </tr>
                <tr>
                  <td>APM402 - Essential Administrator Functions I</td>
                </tr>
                <tr>
                  <td>APM403 - Essential Administrator Functions II</td>
                </tr>
                <tr>
                  <td>APM222 - Managing Business Transactions</td>
                </tr>
                <tr>
                  <td>APM224 - Advanced Troubleshooting and Monitoring</td>
                </tr>
                <tr>
                  <td>APM223 - Proactive Monitoring and Dashboards</td>
                </tr>
                <tr>
                  <td>APM410 - On Premises Administration I</td>
                </tr>
                <tr>
                  <td>APM212 - Troubleshooting Basics</td>
                </tr>
                <tr>
                  <td>APM221 - Strategy &amp; Business Transaction Discovery</td>
                </tr>
                <tr>
                  <td>APM210 - Core APM I: Essentials</td>
                </tr>
                <tr>
                  <td>APM210 - Core APM I: Essentials</td>
                </tr>
                <tr>
                  <td>APM220 - Core APM II: Advanced</td>
                </tr>
                <tr>
                  <td>APM220 - Core APM II: Advanced</td>
                </tr>
                <tr>
                  <td>APM230 - Core APM Condensed</td>
                </tr>
                <tr>
                  <td>APM400 - User License and Account Administration</td>
                </tr>
                <tr>
                  <td>APM240 - CORE APM: Complete</td>
                </tr>
                <tr>
                  <td>APM240 - CORE APM: Complete</td>
                </tr>
                <tr>
                  <td>APM409 - On-Premises Administration I + II</td>
                </tr>
                <tr>
                  <td>APM406 - License and Account Administration</td>
                </tr>
                <tr>
                  <td>APM406 - License and Account Administration</td>
                </tr>
                <tr>
                  <td>APM405 - User Administration</td>
                </tr>
                <tr>
                  <td>APM405 - User Administration</td>
                </tr>
                <tr>
                  <td>APM421 - Monitoring with Artificial Intelligence</td>
                </tr>
                <tr>
                  <td>APM421 - Monitoring with Artificial Intelligence</td>
                </tr>
                <tr>
                  <td>
                    <strong>Analytics - Instructor Lead</strong>
                  </td>
                </tr>
                <tr>
                  <td>ALY402 - Business Insights with Business iQ</td>
                </tr>
                <tr>
                  <td>ALY402 - Business Insights with Business iQ</td>
                </tr>
                <tr>
                  <td>
                    <strong>End User Monitoring - Instructor Lead</strong>
                  </td>
                </tr>
                <tr>
                  <td>EUM202 - Mobile and IoT Application Monitoring</td>
                </tr>
                <tr>
                  <td>EUM201 - Browser Real User Monitoring</td>
                </tr>
                <tr>
                  <td>EUM201 - Browser Real User Monitoring</td>
                </tr>
                <tr>
                  <td>EUM202 - Mobile and IoT Application Monitoring</td>
                </tr>
                <tr>
                  <td>EUM210 - Browser Synthetic Monitoring</td>
                </tr>
                <tr>
                  <td>EUM210 - Browser Synthetic Monitoring</td>
                </tr>
                <tr>
                  <td>
                    <strong>Infrastructure Visibility - Instructor Lead</strong>
                  </td>
                </tr>
                <tr>
                  <td>IFV401 - Database Visibility</td>
                </tr>
                <tr>
                  <td>IFV401 - Database Visibility</td>
                </tr>
                <tr>
                  <td>
                    <strong>Implementation - Instructor Lead</strong>
                  </td>
                </tr>
                <tr>
                  <td>IMP862 - Installing Application and Machine Agents</td>
                </tr>
                <tr>
                  <td>IMP862 - Installing Application and Machine Agents</td>
                </tr>
                <tr>
                  <td>IMP860 - On Premises Installation Workshop</td>
                </tr>
                <tr>
                  <td>IMP860 - On-premises Installation Workshop</td>
                </tr>
                <tr>
                  <td>IMP875 - Partners’ Implementation Essentials</td>
                </tr>
                <tr>
                  <td>IMP875 - Partners’ Implementation Essentials</td>
                </tr>
                <tr>
                  <td>
                    <strong>Pro Series - Instructor Lead</strong>
                  </td>
                </tr>
                <tr>
                  <td>PRO510 - Pro Series: Custom Correlation</td>
                </tr>
                <tr>
                  <td>PRO510 - Pro Series: Custom Correlation</td>
                </tr>
                <tr>
                  <td>PRO520 - Pro Series: Building Effective Dashboards with AppDynamics</td>
                </tr>
                <tr>
                  <td>PRO520 - Pro Series: Building Effective Dashboards with AppDynamics</td>
                </tr>
              </tbody>
            </table>
            <p class="auto-cursor-target">
              <br/>
            </p>
          </ac:rich-text-body>
        </ac:structured-macro>
        <p class="auto-cursor-target">
          <br/>
        </p>
      </ac:rich-text-body>
    </ac:structured-macro>
    <p class="auto-cursor-target">
      <br/>
    </p>
    <ac:structured-macro ac:macro-id="621314e6-2299-41e8-a75d-d80c1b2eb6f5" ac:name="column" ac:schema-version="1">
      <ac:parameter ac:name="width">25%</ac:parameter>
      <ac:rich-text-body>
        <p>
          <u> <strong>YOUTUBE / VIMEO CONTENT</strong> </u>
        </p>
        <p>Youtube</p>
        <ac:structured-macro ac:macro-id="f6d5909f-b3b4-4139-8fab-39187675f58a" ac:name="expand" ac:schema-version="1">
          <ac:parameter ac:name="title">Click here to expand list...</ac:parameter>
          <ac:rich-text-body>
            <p class="cert-prog-analyst">Synthetics</p>
            <p class="categorized_certi-title--sm certi-role">
              <ac:structured-macro ac:macro-id="24d64c1d-7883-47ab-8ad2-470e594d8529" ac:name="auibutton" ac:schema-version="1">
                <ac:parameter ac:name="icon">view</ac:parameter>
                <ac:parameter ac:name="title">AppDynamics Micro Demo: Synthetic API Monitoring</ac:parameter>
                <ac:parameter ac:name="type">primary</ac:parameter>
                <ac:parameter ac:name="url">
                  <a href="https://www.youtube.com/watch?v=hEL0nMR7amQ">https://www.youtube.com/watch?v=hEL0nMR7amQ</a>
                </ac:parameter>
                <ac:parameter ac:name="target">true</ac:parameter>
              </ac:structured-macro>
            </p>
            <p class="categorized_certi-title--sm certi-role">
              <ac:structured-macro ac:macro-id="14e97915-e6f0-49f5-94b0-9d13acaa6b3d" ac:name="widget" ac:schema-version="1">
                <ac:parameter ac:name="url">
                  <ri:url ri:value="https://www.youtube.com/watch?v=hEL0nMR7amQ"/>
                </ac:parameter>
              </ac:structured-macro>
            </p>
          </ac:rich-text-body>
        </ac:structured-macro>
        <p class="auto-cursor-target">Vimeo</p>
        <ac:structured-macro ac:macro-id="64353d82-2b8e-4bbf-b99e-f812608e5d76" ac:name="expand" ac:schema-version="1">
          <ac:parameter ac:name="title">Click here to expand list...</ac:parameter>
          <ac:rich-text-body>
            <p>
              <br/>
            </p>
          </ac:rich-text-body>
        </ac:structured-macro>
        <p class="auto-cursor-target">
          <br/>
        </p>
      </ac:rich-text-body>
    </ac:structured-macro>
    <p class="auto-cursor-target">
      <br/>
    </p>
    <ac:structured-macro ac:macro-id="5b4fa067-9a5b-4647-a9da-6089d237713b" ac:name="column" ac:schema-version="1">
      <ac:parameter ac:name="width">25%</ac:parameter>
      <ac:rich-text-body>
        <p>
          <strong> <u>COMMUNITY CONTENT</u> </strong>
        </p>
        <p>Recommended Discussions</p>
        <ac:structured-macro ac:macro-id="19c0f7a3-17dc-4b8b-a106-d55a760f5739" ac:name="expand" ac:schema-version="1">
          <ac:parameter ac:name="title">Click here to expand list...</ac:parameter>
          <ac:rich-text-body>
            <ac:structured-macro ac:macro-id="362443a4-86d1-4f30-aced-09ff577f5e75" ac:name="auibutton" ac:schema-version="1">
              <ac:parameter ac:name="icon">info</ac:parameter>
              <ac:parameter ac:name="title">Monitoring cloud K8 on EKS, AKS, and GKE</ac:parameter>
              <ac:parameter ac:name="type">primary</ac:parameter>
              <ac:parameter ac:name="url">
                <a href="https://community.appdynamics.com/t5/Knowledge-Base/Technical-Session-Monitoring-Kubernetes-in-the-Cloud-on-EKS-AKS/ta-p/33154">https://community.appdynamics.com/t5/Knowledge-Base/Technical-Session-Monitoring-Kubernetes-in-the-Cloud-on-EKS-AKS/ta-p/33154</a>
              </ac:parameter>
              <ac:parameter ac:name="target">true</ac:parameter>
            </ac:structured-macro>
            <p>
              <ac:structured-macro ac:macro-id="aa8ae113-b2e5-42c9-bea6-19cf4ba9ef81" ac:name="auibutton" ac:schema-version="1">
                <ac:parameter ac:name="icon">info</ac:parameter>
                <ac:parameter ac:name="title">EUM - Naming Convention</ac:parameter>
                <ac:parameter ac:name="type">primary</ac:parameter>
                <ac:parameter ac:name="url">
                  <a href="https://community.appdynamics.com/t5/Knowledge-Base/For-EUM-what-naming-conventions-are-recommended/ta-p/45987">https://community.appdynamics.com/t5/Knowledge-Base/For-EUM-what-naming-conventions-are-recommended/ta-p/45987</a>
                </ac:parameter>
                <ac:parameter ac:name="target">true</ac:parameter>
              </ac:structured-macro>
            </p>
            <p>
              <ac:structured-macro ac:macro-id="0dc7a312-d133-47f2-8aca-0f69a16d68bb" ac:name="auibutton" ac:schema-version="1">
                <ac:parameter ac:name="icon">info</ac:parameter>
                <ac:parameter ac:name="title">Health Rules - Naming Convention</ac:parameter>
                <ac:parameter ac:name="type">primary</ac:parameter>
                <ac:parameter ac:name="url">
                  <a href="https://community.appdynamics.com/t5/Knowledge-Base/For-Health-Rules-what-naming-conventions-are-recommended/ta-p/45989">https://community.appdynamics.com/t5/Knowledge-Base/For-Health-Rules-what-naming-conventions-are-recommended/ta-p/45989</a>
                </ac:parameter>
                <ac:parameter ac:name="target">true</ac:parameter>
              </ac:structured-macro>
            </p>
            <p>
              <ac:structured-macro ac:macro-id="7880647c-8072-4c34-8b76-2d4105d85b3e" ac:name="auibutton" ac:schema-version="1">
                <ac:parameter ac:name="icon">info</ac:parameter>
                <ac:parameter ac:name="title">DB Vis - Naming Convention</ac:parameter>
                <ac:parameter ac:name="type">primary</ac:parameter>
                <ac:parameter ac:name="url">
                  <a href="https://community.appdynamics.com/t5/Knowledge-Base/For-AppDynamics-Database-Visibility-what-naming-conventions-are/ta-p/46679">https://community.appdynamics.com/t5/Knowledge-Base/For-AppDynamics-Database-Visibility-what-naming-conventions-are/ta-p/46679</a>
                </ac:parameter>
                <ac:parameter ac:name="target">true</ac:parameter>
              </ac:structured-macro>
            </p>
            <p>
              <ac:structured-macro ac:macro-id="701d1ed6-7b5c-441c-a763-d7d1e9569883" ac:name="auibutton" ac:schema-version="1">
                <ac:parameter ac:name="icon">info</ac:parameter>
                <ac:parameter ac:name="title">Dashboards - Naming Convention</ac:parameter>
                <ac:parameter ac:name="type">primary</ac:parameter>
                <ac:parameter ac:name="url">
                  <a href="https://community.appdynamics.com/t5/Knowledge-Base/For-AppDynamics-Dashboards-what-naming-conventions-are/ta-p/45988">https://community.appdynamics.com/t5/Knowledge-Base/For-AppDynamics-Dashboards-what-naming-conventions-are/ta-p/45988</a>
                </ac:parameter>
                <ac:parameter ac:name="target">true</ac:parameter>
              </ac:structured-macro>
            </p>
            <p>
              <ac:structured-macro ac:macro-id="4ec9e044-cbdf-4389-bc24-9dd6c76a6df2" ac:name="auibutton" ac:schema-version="1">
                <ac:parameter ac:name="icon">info</ac:parameter>
                <ac:parameter ac:name="title">Analytics - Naming Convention</ac:parameter>
                <ac:parameter ac:name="type">primary</ac:parameter>
                <ac:parameter ac:name="url">
                  <a href="https://community.appdynamics.com/t5/Knowledge-Base/For-Analytics-metrics-what-naming-conventions-are-recommended/ta-p/45990">https://community.appdynamics.com/t5/Knowledge-Base/For-Analytics-metrics-what-naming-conventions-are-recommended/ta-p/45990</a>
                </ac:parameter>
                <ac:parameter ac:name="target">true</ac:parameter>
              </ac:structured-macro>
            </p>
            <p>
              <ac:structured-macro ac:macro-id="ac4d3a78-b341-47c3-b5b0-ce27e2835565" ac:name="auibutton" ac:schema-version="1">
                <ac:parameter ac:name="icon">info</ac:parameter>
                <ac:parameter ac:name="title">APM - Naming Convention</ac:parameter>
                <ac:parameter ac:name="type">primary</ac:parameter>
                <ac:parameter ac:name="url">
                  <a href="https://community.appdynamics.com/t5/Knowledge-Base/For-APM-what-naming-conventions-are-recommended/ta-p/45527">https://community.appdynamics.com/t5/Knowledge-Base/For-APM-what-naming-conventions-are-recommended/ta-p/45527</a>
                </ac:parameter>
                <ac:parameter ac:name="target">true</ac:parameter>
              </ac:structured-macro>
            </p>
            <p>
              <ac:structured-macro ac:macro-id="53f92c35-30ff-45bb-9191-698b3baf6722" ac:name="auibutton" ac:schema-version="1">
                <ac:parameter ac:name="icon">info</ac:parameter>
                <ac:parameter ac:name="title">Infra Vis - Naming Convention</ac:parameter>
                <ac:parameter ac:name="type">primary</ac:parameter>
                <ac:parameter ac:name="url">
                  <a href="https://community.appdynamics.com/t5/Knowledge-Base/For-AppDynamics-Machine-Agent-what-naming-conventions-are/ta-p/46678">https://community.appdynamics.com/t5/Knowledge-Base/For-AppDynamics-Machine-Agent-what-naming-conventions-are/ta-p/46678</a>
                </ac:parameter>
                <ac:parameter ac:name="target">true</ac:parameter>
              </ac:structured-macro>
            </p>
            <p>
              <ac:structured-macro ac:macro-id="d6e6e178-5880-48bb-beeb-da3fa3636ed7" ac:name="auibutton" ac:schema-version="1">
                <ac:parameter ac:name="icon">info</ac:parameter>
                <ac:parameter ac:name="title">TroubleShooting - Intro</ac:parameter>
                <ac:parameter ac:name="type">primary</ac:parameter>
                <ac:parameter ac:name="url">
                  <a href="https://community.appdynamics.com/t5/Knowledge-Base/The-troubleshooter-s-mind-an-introduction/ta-p/43216">https://community.appdynamics.com/t5/Knowledge-Base/The-troubleshooter-s-mind-an-introduction/ta-p/43216</a>
                </ac:parameter>
                <ac:parameter ac:name="target">true</ac:parameter>
              </ac:structured-macro>
            </p>
            <p>
              <ac:structured-macro ac:macro-id="079dff7f-5cdf-4df6-90b0-14619af16204" ac:name="auibutton" ac:schema-version="1">
                <ac:parameter ac:name="icon">info</ac:parameter>
                <ac:parameter ac:name="title">TroubleShooting - Troubleshoot and Tools</ac:parameter>
                <ac:parameter ac:name="type">primary</ac:parameter>
                <ac:parameter ac:name="url">
                  <a href="https://community.appdynamics.com/t5/Knowledge-Base/Advanced-AppDynamics-troubleshooting-and-tools/ta-p/45798">https://community.appdynamics.com/t5/Knowledge-Base/Advanced-AppDynamics-troubleshooting-and-tools/ta-p/45798</a>
                </ac:parameter>
                <ac:parameter ac:name="target">true</ac:parameter>
              </ac:structured-macro>
            </p>
            <p>
              <ac:structured-macro ac:macro-id="58d98ab6-f0a8-464c-a685-f25daebb2821" ac:name="auibutton" ac:schema-version="1">
                <ac:parameter ac:name="icon">info</ac:parameter>
                <ac:parameter ac:name="title">Syn - New Synthetic monitoring for APIs</ac:parameter>
                <ac:parameter ac:name="type">primary</ac:parameter>
                <ac:parameter ac:name="url">
                  <a href="https://community.appdynamics.com/t5/Knowledge-Base/New-Synthetic-monitoring-APIs-and-use-cases/ta-p/47674">https://community.appdynamics.com/t5/Knowledge-Base/New-Synthetic-monitoring-APIs-and-use-cases/ta-p/47674</a>
                </ac:parameter>
                <ac:parameter ac:name="target">true</ac:parameter>
              </ac:structured-macro>
            </p>
            <p>
              <ac:structured-macro ac:macro-id="594917e2-48ce-4442-9c17-9ef60745ddd4" ac:name="auibutton" ac:schema-version="1">
                <ac:parameter ac:name="icon">info</ac:parameter>
                <ac:parameter ac:name="title">Syn - Changes to Synthetic Monitoring Browsers</ac:parameter>
                <ac:parameter ac:name="type">primary</ac:parameter>
                <ac:parameter ac:name="url">
                  <a href="https://community.appdynamics.com/t5/Knowledge-Base/Changes-to-synthetic-monitoring-browsers/ta-p/45366">https://community.appdynamics.com/t5/Knowledge-Base/Changes-to-synthetic-monitoring-browsers/ta-p/45366</a>
                </ac:parameter>
                <ac:parameter ac:name="target">true</ac:parameter>
              </ac:structured-macro>
            </p>
          </ac:rich-text-body>
        </ac:structured-macro>
        <p class="auto-cursor-target">
          <br/>
        </p>
      </ac:rich-text-body>
    </ac:structured-macro>
    <p class="auto-cursor-target">
      <br/>
    </p>
  </ac:rich-text-body>
</ac:structured-macro>
<p class="auto-cursor-target">
  <br/>
</p>
